{"cameraMode":{"drawMode":0,"name":"Shaded","section":"Shading Mode"},"sceneLighting":true,"audioPlay":false,"sceneViewState":{"m_AlwaysRefresh":false,"showFog":true,"showSkybox":true,"showFlares":true,"showImageEffects":true,"showParticleSystems":true,"showVisualEffectGraphs":true,"m_FxEnabled":true},"in2DMode":false,"pivot":{"x":-1.7050890922546387,"y":2.0893349647521974,"z":-0.7233233451843262},"rotation":{"x":-0.11024822294712067,"y":0.8805326819419861,"z":-0.25111427903175356,"w":-0.3865857720375061},"size":8.631516456604004,"orthographic":false}